{"cameraMode":{"drawMode":0,"name":"Shaded","section":"Shading Mode"},"sceneLighting":false,"audioPlay":false,"sceneViewState":{"showFog":true,"showMaterialUpdate":false,"showSkybox":true,"showFlares":true,"showImageEffects":true,"showParticleSystems":true},"in2DMode":false,"pivot":{"x":232.0264129638672,"y":20.775127410888673,"z":329.06695556640627},"rotation":{"x":-0.07408518344163895,"y":0.7388609647750855,"z":-0.08235225826501847,"w":-0.6646908521652222},"size":2.071528196334839,"orthographic":false}